Model,Accuracy,Loss
LSTM,0.2645533084869385,2.1816084384918213
Bi-Directional LSTM,0.5146974325180054,1.778552770614624
BERT,0.8472622632980347,0.6566630601882935
